fixture,cpu_before,cpu_after,memory_before,memory_after,result_preserved
Test/golden/mir/eval/compile/abbrev/abbrev_construct_action_empty.expected,102251,16100,632,200,true
Test/golden/mir/eval/compile/abbrev/abbrev_construct_action_pay.expected,301912,16100,1396,200,true
Test/golden/mir/eval/compile/abbrev/abbrev_construct_nested.expected,1203408,356764,5052,1696,true
Test/golden/mir/eval/compile/abbrev/abbrev_construct_payment.expected,549573,16100,2460,200,true
Test/golden/mir/eval/compile/abbrev/abbrev_construct_time.expected,549573,16100,2460,200,true
Test/golden/mir/eval/compile/abbrev/abbrev_extract_lovelace.expected,1044047,510574,3988,1728,true
Test/golden/mir/eval/compile/abbrev/abbrev_extract_posixtime.expected,1570812,1037339,5586,3326,true
Test/golden/mir/eval/compile/abbrev/abbrev_match_action_empty.expected,1075392,989241,4230,3798,true
Test/golden/mir/eval/compile/abbrev/abbrev_match_action_pay.expected,1342614,1056802,5157,3961,true
Test/golden/mir/eval/compile/data/data_construct_bar.expected,797234,16100,3524,200,true
Test/golden/mir/eval/compile/data/data_construct_baz_bar.expected,549573,16100,2460,200,true
Test/golden/mir/eval/compile/data/data_construct_baz_baz.expected,797234,16100,3524,200,true
Test/golden/mir/eval/compile/data/data_match_aaa.expected,2397706,1864233,8921,6661,true
Test/golden/mir/eval/compile/data/data_match_bar.expected,2281373,1747900,8520,6260,true
Test/golden/mir/eval/compile/data/data_match_baz.expected,2987466,2206332,11081,7757,true
Test/golden/mir/eval/compile/data/data_match_foo.expected,1856821,1571009,6762,5566,true
Test/golden/mir/eval/compile/data/data_match_qux.expected,1308058,1221907,5032,4600,true
Test/golden/mir/eval/compile/recursion/factorial_1.expected,1297025,920927,5408,4006,true
Test/golden/mir/eval/compile/recursion/factorial_10.expected,8501912,6433373,32462,24751,true
Test/golden/mir/eval/compile/recursion/factorial_5.expected,4499197,3370903,17432,13226,true
Test/golden/mir/eval/compile/sop/sop_construct_a.expected,1044895,16100,4588,200,true
Test/golden/mir/eval/compile/sop/sop_struct_access.expected,4588702,2547112,16594,7918,true
Test/golden/mir/eval/policy/cs_check/cs_match.expected,1850792,1818792,6322,6122,true
Test/golden/mir/eval/policy/cs_check/cs_mismatch.expected,1850792,1818792,6322,6122,true
Test/golden/mir/eval/policy/cs_check/cs_spend.expected,1690297,1541964,5758,5157,true
Test/golden/mir/eval/policy/nft/nft_bad_redeemer.expected,883047,741055,421,389,true
Test/golden/mir/eval/policy/nft/nft_ok.expected,2929814,2343773,10584,8251,true
Test/golden/mir/eval/policy/nft/nft_spend.expected,1786297,1271972,6358,4325,true
Test/golden/mir/eval/policy/nft/nft_wrong_idx.expected,2929814,2343773,10584,8251,true
Test/golden/mir/eval/policy/redeemer_gate/rdm_gate_ok.expected,1874191,1476199,6322,4690,true
Test/golden/mir/eval/policy/redeemer_gate/rdm_gate_spend.expected,1690297,1175972,5758,3725,true
Test/golden/mir/eval/policy/redeemer_gate/rdm_gate_wrong.expected,1874191,1476199,6322,4690,true
