fixture,input,variant,cpu,memory,bytes,compile_ms
synthetic/closed-arithmetic,0,baseline,336261,1004,15,0
synthetic/closed-arithmetic,0,constant-fold,16100,200,6,0
synthetic/closed-arithmetic,0,data-fold,336261,1004,15,0
synthetic/closed-arithmetic,0,boolean-case,336261,1004,15,0
synthetic/closed-arithmetic,0,shape-dce,336261,1004,15,0
synthetic/closed-arithmetic,0,list-fusion,336261,1004,15,0
synthetic/closed-arithmetic,0,pack-app3,336261,1004,15,0
synthetic/closed-arithmetic,0,delay-share,336261,1004,15,0
synthetic/closed-arithmetic,0,dead-fix,336261,1004,15,0
synthetic/closed-arithmetic,0,builtin-share2,336261,1004,15,0
synthetic/closed-arithmetic,0,builtin-share1,384261,1304,18,0
synthetic/closed-arithmetic,0,constant-pool,336261,1004,15,0
synthetic/closed-arithmetic,0,cleanup,16100,200,6,0
synthetic/closed-arithmetic,0,shape-cleanup,16100,200,6,0
synthetic/closed-arithmetic,0,data-cleanup,16100,200,6,0
synthetic/closed-arithmetic,0,shape-data6,16100,200,6,0
synthetic/closed-arithmetic,0,combined,16100,200,6,0
synthetic/closed-arithmetic,0,production-default,16100,200,6,0
synthetic/closed-arithmetic,0,production-unpacked,16100,200,6,0
synthetic/closed-arithmetic,0,production-shared,16100,200,6,0
synthetic/closed-arithmetic,0,production-size,16100,200,6,0
synthetic/closed-arithmetic,0,production-all,16100,200,6,0
synthetic/boolean-branch,0,baseline,400482,1802,20,0
synthetic/boolean-branch,1,baseline,400482,1802,20,0
synthetic/boolean-branch,2,baseline,52433,101,20,0
synthetic/boolean-branch,0,constant-fold,400482,1802,20,0
synthetic/boolean-branch,1,constant-fold,400482,1802,20,0
synthetic/boolean-branch,2,constant-fold,52433,101,20,0
synthetic/boolean-branch,0,data-fold,400482,1802,20,0
synthetic/boolean-branch,1,data-fold,400482,1802,20,0
synthetic/boolean-branch,2,data-fold,52433,101,20,0
synthetic/boolean-branch,0,boolean-case,212433,1101,16,0
synthetic/boolean-branch,1,boolean-case,212433,1101,16,0
synthetic/boolean-branch,2,boolean-case,52433,101,16,0
synthetic/boolean-branch,0,shape-dce,212433,1101,16,0
synthetic/boolean-branch,1,shape-dce,212433,1101,16,0
synthetic/boolean-branch,2,shape-dce,52433,101,16,0
synthetic/boolean-branch,0,list-fusion,400482,1802,20,0
synthetic/boolean-branch,1,list-fusion,400482,1802,20,0
synthetic/boolean-branch,2,list-fusion,52433,101,20,0
synthetic/boolean-branch,0,pack-app3,400482,1802,20,0
synthetic/boolean-branch,1,pack-app3,400482,1802,20,0
synthetic/boolean-branch,2,pack-app3,52433,101,20,0
synthetic/boolean-branch,0,delay-share,400482,1802,20,0
synthetic/boolean-branch,1,delay-share,400482,1802,20,0
synthetic/boolean-branch,2,delay-share,52433,101,20,0
synthetic/boolean-branch,0,dead-fix,400482,1802,20,0
synthetic/boolean-branch,1,dead-fix,400482,1802,20,0
synthetic/boolean-branch,2,dead-fix,52433,101,20,0
synthetic/boolean-branch,0,builtin-share2,400482,1802,20,0
synthetic/boolean-branch,1,builtin-share2,400482,1802,20,0
synthetic/boolean-branch,2,builtin-share2,52433,101,20,0
synthetic/boolean-branch,0,builtin-share1,448482,2102,22,0
synthetic/boolean-branch,1,builtin-share1,448482,2102,22,0
synthetic/boolean-branch,2,builtin-share1,52433,101,22,0
synthetic/boolean-branch,0,constant-pool,400482,1802,20,0
synthetic/boolean-branch,1,constant-pool,400482,1802,20,0
synthetic/boolean-branch,2,constant-pool,52433,101,20,0
synthetic/boolean-branch,0,cleanup,212433,1101,16,0
synthetic/boolean-branch,1,cleanup,212433,1101,16,0
synthetic/boolean-branch,2,cleanup,52433,101,16,0
synthetic/boolean-branch,0,shape-cleanup,212433,1101,16,0
synthetic/boolean-branch,1,shape-cleanup,212433,1101,16,0
synthetic/boolean-branch,2,shape-cleanup,52433,101,16,0
synthetic/boolean-branch,0,data-cleanup,212433,1101,16,0
synthetic/boolean-branch,1,data-cleanup,212433,1101,16,0
synthetic/boolean-branch,2,data-cleanup,52433,101,16,0
synthetic/boolean-branch,0,shape-data6,212433,1101,16,0
synthetic/boolean-branch,1,shape-data6,212433,1101,16,0
synthetic/boolean-branch,2,shape-data6,52433,101,16,0
synthetic/boolean-branch,0,combined,212433,1101,16,0
synthetic/boolean-branch,1,combined,212433,1101,16,0
synthetic/boolean-branch,2,combined,52433,101,16,0
synthetic/boolean-branch,0,production-default,212433,1101,16,0
synthetic/boolean-branch,1,production-default,212433,1101,16,0
synthetic/boolean-branch,2,production-default,52433,101,16,0
synthetic/boolean-branch,0,production-unpacked,212433,1101,16,0
synthetic/boolean-branch,1,production-unpacked,212433,1101,16,0
synthetic/boolean-branch,2,production-unpacked,52433,101,16,0
synthetic/boolean-branch,0,production-shared,212433,1101,16,0
synthetic/boolean-branch,1,production-shared,212433,1101,16,0
synthetic/boolean-branch,2,production-shared,52433,101,16,0
synthetic/boolean-branch,0,production-size,212433,1101,16,0
synthetic/boolean-branch,1,production-size,212433,1101,16,0
synthetic/boolean-branch,2,production-size,52433,101,16,0
synthetic/boolean-branch,0,production-all,212433,1101,16,0
synthetic/boolean-branch,1,production-all,212433,1101,16,0
synthetic/boolean-branch,2,production-all,52433,101,16,0
synthetic/large-constant,0,baseline,212433,1101,275,0
synthetic/large-constant,1,baseline,212433,1101,275,0
synthetic/large-constant,0,constant-fold,212433,1101,275,0
synthetic/large-constant,1,constant-fold,212433,1101,275,0
synthetic/large-constant,0,data-fold,212433,1101,275,0
synthetic/large-constant,1,data-fold,212433,1101,275,0
synthetic/large-constant,0,boolean-case,212433,1101,275,0
synthetic/large-constant,1,boolean-case,212433,1101,275,0
synthetic/large-constant,0,shape-dce,228433,1201,143,0
synthetic/large-constant,1,shape-dce,228433,1201,143,0
synthetic/large-constant,0,list-fusion,212433,1101,275,0
synthetic/large-constant,1,list-fusion,212433,1101,275,0
synthetic/large-constant,0,pack-app3,212433,1101,275,0
synthetic/large-constant,1,pack-app3,212433,1101,275,0
synthetic/large-constant,0,delay-share,212433,1101,275,0
synthetic/large-constant,1,delay-share,212433,1101,275,0
synthetic/large-constant,0,dead-fix,212433,1101,275,0
synthetic/large-constant,1,dead-fix,212433,1101,275,0
synthetic/large-constant,0,builtin-share2,212433,1101,275,0
synthetic/large-constant,1,builtin-share2,212433,1101,275,0
synthetic/large-constant,0,builtin-share1,212433,1101,275,0
synthetic/large-constant,1,builtin-share1,212433,1101,275,0
synthetic/large-constant,0,constant-pool,260433,1401,147,0
synthetic/large-constant,1,constant-pool,260433,1401,147,0
synthetic/large-constant,0,cleanup,212433,1101,275,0
synthetic/large-constant,1,cleanup,212433,1101,275,0
synthetic/large-constant,0,shape-cleanup,228433,1201,143,0
synthetic/large-constant,1,shape-cleanup,228433,1201,143,0
synthetic/large-constant,0,data-cleanup,228433,1201,143,0
synthetic/large-constant,1,data-cleanup,228433,1201,143,0
synthetic/large-constant,0,shape-data6,228433,1201,143,0
synthetic/large-constant,1,shape-data6,228433,1201,143,0
synthetic/large-constant,0,combined,260433,1401,147,1
synthetic/large-constant,1,combined,260433,1401,147,1
synthetic/large-constant,0,production-default,228433,1201,143,0
synthetic/large-constant,1,production-default,228433,1201,143,0
synthetic/large-constant,0,production-unpacked,228433,1201,143,0
synthetic/large-constant,1,production-unpacked,228433,1201,143,0
synthetic/large-constant,0,production-shared,228433,1201,143,0
synthetic/large-constant,1,production-shared,228433,1201,143,0
synthetic/large-constant,0,production-size,228433,1201,143,0
synthetic/large-constant,1,production-size,228433,1201,143,0
synthetic/large-constant,0,production-all,228433,1201,143,0
synthetic/large-constant,1,production-all,228433,1201,143,0
synthetic/dead-fix,0,baseline,325308,1502,15,0
synthetic/dead-fix,0,constant-fold,325308,1502,15,0
synthetic/dead-fix,0,data-fold,325308,1502,15,0
synthetic/dead-fix,0,boolean-case,325308,1502,15,0
synthetic/dead-fix,0,shape-dce,325308,1502,15,0
synthetic/dead-fix,0,list-fusion,325308,1502,15,0
synthetic/dead-fix,0,pack-app3,325308,1502,15,0
synthetic/dead-fix,0,delay-share,325308,1502,15,0
synthetic/dead-fix,0,dead-fix,229308,902,10,0
synthetic/dead-fix,0,builtin-share2,325308,1502,15,0
synthetic/dead-fix,0,builtin-share1,325308,1502,15,0
synthetic/dead-fix,0,constant-pool,325308,1502,15,0
synthetic/dead-fix,0,cleanup,325308,1502,15,0
synthetic/dead-fix,0,shape-cleanup,325308,1502,15,0
synthetic/dead-fix,0,data-cleanup,325308,1502,15,0
synthetic/dead-fix,0,shape-data6,325308,1502,15,0
synthetic/dead-fix,0,combined,325308,1502,15,0
synthetic/dead-fix,0,production-default,229308,902,10,1
synthetic/dead-fix,0,production-unpacked,229308,902,10,0
synthetic/dead-fix,0,production-shared,229308,902,10,0
synthetic/dead-fix,0,production-size,229308,902,10,0
synthetic/dead-fix,0,production-all,229308,902,10,0
synthetic/delay-sharing,0,baseline,389308,1902,19,0
synthetic/delay-sharing,0,constant-fold,389308,1902,19,0
synthetic/delay-sharing,0,data-fold,389308,1902,19,0
synthetic/delay-sharing,0,boolean-case,389308,1902,19,0
synthetic/delay-sharing,0,shape-dce,389308,1902,19,0
synthetic/delay-sharing,0,list-fusion,389308,1902,19,0
synthetic/delay-sharing,0,pack-app3,389308,1902,19,0
synthetic/delay-sharing,0,delay-share,325308,1502,17,0
synthetic/delay-sharing,0,dead-fix,389308,1902,19,0
synthetic/delay-sharing,0,builtin-share2,389308,1902,19,0
synthetic/delay-sharing,0,builtin-share1,389308,1902,19,0
synthetic/delay-sharing,0,constant-pool,389308,1902,19,0
synthetic/delay-sharing,0,cleanup,389308,1902,19,0
synthetic/delay-sharing,0,shape-cleanup,389308,1902,19,0
synthetic/delay-sharing,0,data-cleanup,389308,1902,19,0
synthetic/delay-sharing,0,shape-data6,389308,1902,19,0
synthetic/delay-sharing,0,combined,389308,1902,19,0
synthetic/delay-sharing,0,production-default,16100,200,6,0
synthetic/delay-sharing,0,production-unpacked,16100,200,6,0
synthetic/delay-sharing,0,production-shared,16100,200,6,0
synthetic/delay-sharing,0,production-size,16100,200,6,0
synthetic/delay-sharing,0,production-all,16100,200,6,0
synthetic/list-fusion,0,baseline,558846,2496,23,0
synthetic/list-fusion,1,baseline,109183,164,23,0
synthetic/list-fusion,2,baseline,26033,132,23,0
synthetic/list-fusion,0,constant-fold,558846,2496,23,0
synthetic/list-fusion,1,constant-fold,109183,164,23,0
synthetic/list-fusion,2,constant-fold,26033,132,23,0
synthetic/list-fusion,0,data-fold,558846,2496,23,0
synthetic/list-fusion,1,data-fold,109183,164,23,0
synthetic/list-fusion,2,data-fold,26033,132,23,0
synthetic/list-fusion,0,boolean-case,558846,2496,23,0
synthetic/list-fusion,1,boolean-case,109183,164,23,0
synthetic/list-fusion,2,boolean-case,26033,132,23,0
synthetic/list-fusion,0,shape-dce,558846,2496,23,0
synthetic/list-fusion,1,shape-dce,109183,164,23,0
synthetic/list-fusion,2,shape-dce,26033,132,23,0
synthetic/list-fusion,0,list-fusion,266033,1632,17,0
synthetic/list-fusion,1,list-fusion,26033,132,17,0
synthetic/list-fusion,2,list-fusion,26033,132,17,0
synthetic/list-fusion,0,pack-app3,558846,2496,23,0
synthetic/list-fusion,1,pack-app3,109183,164,23,0
synthetic/list-fusion,2,pack-app3,26033,132,23,0
synthetic/list-fusion,0,delay-share,558846,2496,23,0
synthetic/list-fusion,1,delay-share,109183,164,23,0
synthetic/list-fusion,2,delay-share,26033,132,23,0
synthetic/list-fusion,0,dead-fix,558846,2496,23,0
synthetic/list-fusion,1,dead-fix,109183,164,23,0
synthetic/list-fusion,2,dead-fix,26033,132,23,0
synthetic/list-fusion,0,builtin-share2,558846,2496,23,0
synthetic/list-fusion,1,builtin-share2,109183,164,23,0
synthetic/list-fusion,2,builtin-share2,26033,132,23,0
synthetic/list-fusion,0,builtin-share1,654846,3096,28,0
synthetic/list-fusion,1,builtin-share1,109183,164,28,0
synthetic/list-fusion,2,builtin-share1,26033,132,28,0
synthetic/list-fusion,0,constant-pool,558846,2496,23,0
synthetic/list-fusion,1,constant-pool,109183,164,23,0
synthetic/list-fusion,2,constant-pool,26033,132,23,0
synthetic/list-fusion,0,cleanup,510846,2196,21,0
synthetic/list-fusion,1,cleanup,109183,164,21,0
synthetic/list-fusion,2,cleanup,26033,132,21,0
synthetic/list-fusion,0,shape-cleanup,462846,1896,18,0
synthetic/list-fusion,1,shape-cleanup,109183,164,18,0
synthetic/list-fusion,2,shape-cleanup,26033,132,18,0
synthetic/list-fusion,0,data-cleanup,462846,1896,18,0
synthetic/list-fusion,1,data-cleanup,109183,164,18,0
synthetic/list-fusion,2,data-cleanup,26033,132,18,0
synthetic/list-fusion,0,shape-data6,462846,1896,18,0
synthetic/list-fusion,1,shape-data6,109183,164,18,0
synthetic/list-fusion,2,shape-data6,26033,132,18,0
synthetic/list-fusion,0,combined,510846,2196,21,0
synthetic/list-fusion,1,combined,109183,164,21,0
synthetic/list-fusion,2,combined,26033,132,21,0
synthetic/list-fusion,0,production-default,218033,1332,15,1
synthetic/list-fusion,1,production-default,26033,132,15,1
synthetic/list-fusion,2,production-default,26033,132,15,1
synthetic/list-fusion,0,production-unpacked,218033,1332,15,0
synthetic/list-fusion,1,production-unpacked,26033,132,15,0
synthetic/list-fusion,2,production-unpacked,26033,132,15,0
synthetic/list-fusion,0,production-shared,218033,1332,15,0
synthetic/list-fusion,1,production-shared,26033,132,15,0
synthetic/list-fusion,2,production-shared,26033,132,15,0
synthetic/list-fusion,0,production-size,218033,1332,15,0
synthetic/list-fusion,1,production-size,26033,132,15,0
synthetic/list-fusion,2,production-size,26033,132,15,0
synthetic/list-fusion,0,production-all,218033,1332,15,0
synthetic/list-fusion,1,production-all,26033,132,15,0
synthetic/list-fusion,2,production-all,26033,132,15,0
synthetic/checked-arithmetic,0,baseline,485005,1836,19,0
synthetic/checked-arithmetic,1,baseline,485005,1836,19,0
synthetic/checked-arithmetic,2,baseline,20844,132,19,0
synthetic/checked-arithmetic,0,constant-fold,485005,1836,19,0
synthetic/checked-arithmetic,1,constant-fold,485005,1836,19,0
synthetic/checked-arithmetic,2,constant-fold,20844,132,19,0
synthetic/checked-arithmetic,0,data-fold,485005,1836,19,0
synthetic/checked-arithmetic,1,data-fold,485005,1836,19,0
synthetic/checked-arithmetic,2,data-fold,20844,132,19,0
synthetic/checked-arithmetic,0,boolean-case,485005,1836,19,0
synthetic/checked-arithmetic,1,boolean-case,485005,1836,19,0
synthetic/checked-arithmetic,2,boolean-case,20844,132,19,0
synthetic/checked-arithmetic,0,shape-dce,164844,1032,10,0
synthetic/checked-arithmetic,1,shape-dce,164844,1032,10,0
synthetic/checked-arithmetic,2,shape-dce,20844,132,10,0
synthetic/checked-arithmetic,0,list-fusion,485005,1836,19,0
synthetic/checked-arithmetic,1,list-fusion,485005,1836,19,0
synthetic/checked-arithmetic,2,list-fusion,20844,132,19,0
synthetic/checked-arithmetic,0,pack-app3,485005,1836,19,0
synthetic/checked-arithmetic,1,pack-app3,485005,1836,19,0
synthetic/checked-arithmetic,2,pack-app3,20844,132,19,0
synthetic/checked-arithmetic,0,delay-share,485005,1836,19,0
synthetic/checked-arithmetic,1,delay-share,485005,1836,19,0
synthetic/checked-arithmetic,2,delay-share,20844,132,19,0
synthetic/checked-arithmetic,0,dead-fix,485005,1836,19,0
synthetic/checked-arithmetic,1,dead-fix,485005,1836,19,0
synthetic/checked-arithmetic,2,dead-fix,20844,132,19,0
synthetic/checked-arithmetic,0,builtin-share2,485005,1836,19,0
synthetic/checked-arithmetic,1,builtin-share2,485005,1836,19,0
synthetic/checked-arithmetic,2,builtin-share2,20844,132,19,0
synthetic/checked-arithmetic,0,builtin-share1,485005,1836,19,0
synthetic/checked-arithmetic,1,builtin-share1,485005,1836,19,0
synthetic/checked-arithmetic,2,builtin-share1,20844,132,19,0
synthetic/checked-arithmetic,0,constant-pool,485005,1836,19,0
synthetic/checked-arithmetic,1,constant-pool,485005,1836,19,0
synthetic/checked-arithmetic,2,constant-pool,20844,132,19,0
synthetic/checked-arithmetic,0,cleanup,437005,1536,17,0
synthetic/checked-arithmetic,1,cleanup,437005,1536,17,0
synthetic/checked-arithmetic,2,cleanup,20844,132,17,0
synthetic/checked-arithmetic,0,shape-cleanup,116844,732,7,0
synthetic/checked-arithmetic,1,shape-cleanup,116844,732,7,0
synthetic/checked-arithmetic,2,shape-cleanup,20844,132,7,0
synthetic/checked-arithmetic,0,data-cleanup,116844,732,7,0
synthetic/checked-arithmetic,1,data-cleanup,116844,732,7,0
synthetic/checked-arithmetic,2,data-cleanup,20844,132,7,0
synthetic/checked-arithmetic,0,shape-data6,116844,732,7,0
synthetic/checked-arithmetic,1,shape-data6,116844,732,7,0
synthetic/checked-arithmetic,2,shape-data6,20844,132,7,0
synthetic/checked-arithmetic,0,combined,437005,1536,17,0
synthetic/checked-arithmetic,1,combined,437005,1536,17,0
synthetic/checked-arithmetic,2,combined,20844,132,17,0
synthetic/checked-arithmetic,0,production-default,116844,732,7,1
synthetic/checked-arithmetic,1,production-default,116844,732,7,1
synthetic/checked-arithmetic,2,production-default,20844,132,7,1
synthetic/checked-arithmetic,0,production-unpacked,116844,732,7,0
synthetic/checked-arithmetic,1,production-unpacked,116844,732,7,0
synthetic/checked-arithmetic,2,production-unpacked,20844,132,7,0
synthetic/checked-arithmetic,0,production-shared,116844,732,7,0
synthetic/checked-arithmetic,1,production-shared,116844,732,7,0
synthetic/checked-arithmetic,2,production-shared,20844,132,7,0
synthetic/checked-arithmetic,0,production-size,116844,732,7,0
synthetic/checked-arithmetic,1,production-size,116844,732,7,0
synthetic/checked-arithmetic,2,production-size,20844,132,7,0
synthetic/checked-arithmetic,0,production-all,116844,732,7,0
synthetic/checked-arithmetic,1,production-all,116844,732,7,0
synthetic/checked-arithmetic,2,production-all,20844,132,7,0
synthetic/checked-data-round-trip,0,baseline,212143,1264,12,0
synthetic/checked-data-round-trip,1,baseline,212143,1264,12,0
synthetic/checked-data-round-trip,2,baseline,20844,132,12,0
synthetic/checked-data-round-trip,0,constant-fold,212143,1264,12,0
synthetic/checked-data-round-trip,1,constant-fold,212143,1264,12,0
synthetic/checked-data-round-trip,2,constant-fold,20844,132,12,0
synthetic/checked-data-round-trip,0,data-fold,212143,1264,12,0
synthetic/checked-data-round-trip,1,data-fold,212143,1264,12,0
synthetic/checked-data-round-trip,2,data-fold,20844,132,12,0
synthetic/checked-data-round-trip,0,boolean-case,212143,1264,12,0
synthetic/checked-data-round-trip,1,boolean-case,212143,1264,12,0
synthetic/checked-data-round-trip,2,boolean-case,20844,132,12,0
synthetic/checked-data-round-trip,0,shape-dce,164844,1032,10,0
synthetic/checked-data-round-trip,1,shape-dce,164844,1032,10,0
synthetic/checked-data-round-trip,2,shape-dce,20844,132,10,0
synthetic/checked-data-round-trip,0,list-fusion,212143,1264,12,0
synthetic/checked-data-round-trip,1,list-fusion,212143,1264,12,0
synthetic/checked-data-round-trip,2,list-fusion,20844,132,12,0
synthetic/checked-data-round-trip,0,pack-app3,212143,1264,12,0
synthetic/checked-data-round-trip,1,pack-app3,212143,1264,12,0
synthetic/checked-data-round-trip,2,pack-app3,20844,132,12,0
synthetic/checked-data-round-trip,0,delay-share,212143,1264,12,0
synthetic/checked-data-round-trip,1,delay-share,212143,1264,12,0
synthetic/checked-data-round-trip,2,delay-share,20844,132,12,0
synthetic/checked-data-round-trip,0,dead-fix,212143,1264,12,0
synthetic/checked-data-round-trip,1,dead-fix,212143,1264,12,0
synthetic/checked-data-round-trip,2,dead-fix,20844,132,12,0
synthetic/checked-data-round-trip,0,builtin-share2,212143,1264,12,0
synthetic/checked-data-round-trip,1,builtin-share2,212143,1264,12,0
synthetic/checked-data-round-trip,2,builtin-share2,20844,132,12,0
synthetic/checked-data-round-trip,0,builtin-share1,212143,1264,12,0
synthetic/checked-data-round-trip,1,builtin-share1,212143,1264,12,0
synthetic/checked-data-round-trip,2,builtin-share1,20844,132,12,0
synthetic/checked-data-round-trip,0,constant-pool,212143,1264,12,0
synthetic/checked-data-round-trip,1,constant-pool,212143,1264,12,0
synthetic/checked-data-round-trip,2,constant-pool,20844,132,12,0
synthetic/checked-data-round-trip,0,cleanup,164143,964,9,0
synthetic/checked-data-round-trip,1,cleanup,164143,964,9,0
synthetic/checked-data-round-trip,2,cleanup,20844,132,9,0
synthetic/checked-data-round-trip,0,shape-cleanup,164143,964,9,0
synthetic/checked-data-round-trip,1,shape-cleanup,164143,964,9,0
synthetic/checked-data-round-trip,2,shape-cleanup,20844,132,9,0
synthetic/checked-data-round-trip,0,data-cleanup,164143,964,9,0
synthetic/checked-data-round-trip,1,data-cleanup,164143,964,9,0
synthetic/checked-data-round-trip,2,data-cleanup,20844,132,9,0
synthetic/checked-data-round-trip,0,shape-data6,164143,964,9,0
synthetic/checked-data-round-trip,1,shape-data6,164143,964,9,0
synthetic/checked-data-round-trip,2,shape-data6,20844,132,9,0
synthetic/checked-data-round-trip,0,combined,164143,964,9,0
synthetic/checked-data-round-trip,1,combined,164143,964,9,0
synthetic/checked-data-round-trip,2,combined,20844,132,9,0
synthetic/checked-data-round-trip,0,production-default,164844,1032,10,0
synthetic/checked-data-round-trip,1,production-default,164844,1032,10,0
synthetic/checked-data-round-trip,2,production-default,20844,132,10,0
synthetic/checked-data-round-trip,0,production-unpacked,164844,1032,10,0
synthetic/checked-data-round-trip,1,production-unpacked,164844,1032,10,0
synthetic/checked-data-round-trip,2,production-unpacked,20844,132,10,0
synthetic/checked-data-round-trip,0,production-shared,164844,1032,10,0
synthetic/checked-data-round-trip,1,production-shared,164844,1032,10,0
synthetic/checked-data-round-trip,2,production-shared,20844,132,10,0
synthetic/checked-data-round-trip,0,production-size,164844,1032,10,0
synthetic/checked-data-round-trip,1,production-size,164844,1032,10,0
synthetic/checked-data-round-trip,2,production-size,20844,132,10,0
synthetic/checked-data-round-trip,0,production-all,164844,1032,10,0
synthetic/checked-data-round-trip,1,production-all,164844,1032,10,0
synthetic/checked-data-round-trip,2,production-all,20844,132,10,0
synthetic/repeated-boolean-case,0,baseline,292433,1601,24,0
synthetic/repeated-boolean-case,1,baseline,292433,1601,24,0
synthetic/repeated-boolean-case,2,baseline,52433,101,24,0
synthetic/repeated-boolean-case,0,constant-fold,292433,1601,24,0
synthetic/repeated-boolean-case,1,constant-fold,292433,1601,24,0
synthetic/repeated-boolean-case,2,constant-fold,52433,101,24,0
synthetic/repeated-boolean-case,0,data-fold,292433,1601,24,0
synthetic/repeated-boolean-case,1,data-fold,292433,1601,24,0
synthetic/repeated-boolean-case,2,data-fold,52433,101,24,0
synthetic/repeated-boolean-case,0,boolean-case,292433,1601,24,0
synthetic/repeated-boolean-case,1,boolean-case,292433,1601,24,0
synthetic/repeated-boolean-case,2,boolean-case,52433,101,24,0
synthetic/repeated-boolean-case,0,shape-dce,260433,1401,18,0
synthetic/repeated-boolean-case,1,shape-dce,260433,1401,18,0
synthetic/repeated-boolean-case,2,shape-dce,52433,101,18,0
synthetic/repeated-boolean-case,0,list-fusion,292433,1601,24,0
synthetic/repeated-boolean-case,1,list-fusion,292433,1601,24,0
synthetic/repeated-boolean-case,2,list-fusion,52433,101,24,0
synthetic/repeated-boolean-case,0,pack-app3,292433,1601,24,0
synthetic/repeated-boolean-case,1,pack-app3,292433,1601,24,0
synthetic/repeated-boolean-case,2,pack-app3,52433,101,24,0
synthetic/repeated-boolean-case,0,delay-share,292433,1601,24,0
synthetic/repeated-boolean-case,1,delay-share,292433,1601,24,0
synthetic/repeated-boolean-case,2,delay-share,52433,101,24,0
synthetic/repeated-boolean-case,0,dead-fix,292433,1601,24,0
synthetic/repeated-boolean-case,1,dead-fix,292433,1601,24,0
synthetic/repeated-boolean-case,2,dead-fix,52433,101,24,0
synthetic/repeated-boolean-case,0,builtin-share2,292433,1601,24,0
synthetic/repeated-boolean-case,1,builtin-share2,292433,1601,24,0
synthetic/repeated-boolean-case,2,builtin-share2,52433,101,24,0
synthetic/repeated-boolean-case,0,builtin-share1,292433,1601,24,0
synthetic/repeated-boolean-case,1,builtin-share1,292433,1601,24,0
synthetic/repeated-boolean-case,2,builtin-share1,52433,101,24,0
synthetic/repeated-boolean-case,0,constant-pool,292433,1601,24,0
synthetic/repeated-boolean-case,1,constant-pool,292433,1601,24,0
synthetic/repeated-boolean-case,2,constant-pool,52433,101,24,0
synthetic/repeated-boolean-case,0,cleanup,292433,1601,24,0
synthetic/repeated-boolean-case,1,cleanup,292433,1601,24,0
synthetic/repeated-boolean-case,2,cleanup,52433,101,24,0
synthetic/repeated-boolean-case,0,shape-cleanup,212433,1101,16,0
synthetic/repeated-boolean-case,1,shape-cleanup,212433,1101,16,0
synthetic/repeated-boolean-case,2,shape-cleanup,52433,101,16,0
synthetic/repeated-boolean-case,0,data-cleanup,212433,1101,16,0
synthetic/repeated-boolean-case,1,data-cleanup,212433,1101,16,0
synthetic/repeated-boolean-case,2,data-cleanup,52433,101,16,0
synthetic/repeated-boolean-case,0,shape-data6,212433,1101,16,0
synthetic/repeated-boolean-case,1,shape-data6,212433,1101,16,0
synthetic/repeated-boolean-case,2,shape-data6,52433,101,16,0
synthetic/repeated-boolean-case,0,combined,292433,1601,24,0
synthetic/repeated-boolean-case,1,combined,292433,1601,24,0
synthetic/repeated-boolean-case,2,combined,52433,101,24,0
synthetic/repeated-boolean-case,0,production-default,212433,1101,16,0
synthetic/repeated-boolean-case,1,production-default,212433,1101,16,0
synthetic/repeated-boolean-case,2,production-default,52433,101,16,0
synthetic/repeated-boolean-case,0,production-unpacked,212433,1101,16,0
synthetic/repeated-boolean-case,1,production-unpacked,212433,1101,16,0
synthetic/repeated-boolean-case,2,production-unpacked,52433,101,16,0
synthetic/repeated-boolean-case,0,production-shared,212433,1101,16,0
synthetic/repeated-boolean-case,1,production-shared,212433,1101,16,0
synthetic/repeated-boolean-case,2,production-shared,52433,101,16,0
synthetic/repeated-boolean-case,0,production-size,212433,1101,16,0
synthetic/repeated-boolean-case,1,production-size,212433,1101,16,0
synthetic/repeated-boolean-case,2,production-size,52433,101,16,0
synthetic/repeated-boolean-case,0,production-all,212433,1101,16,0
synthetic/repeated-boolean-case,1,production-all,212433,1101,16,0
synthetic/repeated-boolean-case,2,production-all,52433,101,16,0
native/factorial,0,baseline,920927,4006,35,0
native/factorial,1,baseline,3370903,13226,35,0
native/factorial,2,baseline,6433373,24751,35,0
native/factorial,0,constant-fold,920927,4006,35,0
native/factorial,1,constant-fold,3370903,13226,35,0
native/factorial,2,constant-fold,6433373,24751,35,0
native/factorial,0,data-fold,920927,4006,35,0
native/factorial,1,data-fold,3370903,13226,35,0
native/factorial,2,data-fold,6433373,24751,35,0
native/factorial,0,boolean-case,920927,4006,35,0
native/factorial,1,boolean-case,3370903,13226,35,0
native/factorial,2,boolean-case,6433373,24751,35,0
native/factorial,0,shape-dce,920927,4006,35,0
native/factorial,1,shape-dce,3370903,13226,35,0
native/factorial,2,shape-dce,6433373,24751,35,0
native/factorial,0,list-fusion,920927,4006,35,0
native/factorial,1,list-fusion,3370903,13226,35,0
native/factorial,2,list-fusion,6433373,24751,35,0
native/factorial,0,pack-app3,920927,4006,35,0
native/factorial,1,pack-app3,3370903,13226,35,0
native/factorial,2,pack-app3,6433373,24751,35,0
native/factorial,0,delay-share,920927,4006,35,0
native/factorial,1,delay-share,3370903,13226,35,0
native/factorial,2,delay-share,6433373,24751,35,0
native/factorial,0,dead-fix,920927,4006,35,0
native/factorial,1,dead-fix,3370903,13226,35,0
native/factorial,2,dead-fix,6433373,24751,35,0
native/factorial,0,builtin-share2,920927,4006,35,0
native/factorial,1,builtin-share2,3370903,13226,35,0
native/factorial,2,builtin-share2,6433373,24751,35,0
native/factorial,0,builtin-share1,920927,4006,35,0
native/factorial,1,builtin-share1,3370903,13226,35,0
native/factorial,2,builtin-share1,6433373,24751,35,0
native/factorial,0,constant-pool,920927,4006,35,0
native/factorial,1,constant-pool,3370903,13226,35,0
native/factorial,2,constant-pool,6433373,24751,35,0
native/factorial,0,cleanup,920927,4006,35,0
native/factorial,1,cleanup,3370903,13226,35,0
native/factorial,2,cleanup,6433373,24751,35,0
native/factorial,0,shape-cleanup,920927,4006,35,0
native/factorial,1,shape-cleanup,3370903,13226,35,0
native/factorial,2,shape-cleanup,6433373,24751,35,0
native/factorial,0,data-cleanup,920927,4006,35,0
native/factorial,1,data-cleanup,3370903,13226,35,0
native/factorial,2,data-cleanup,6433373,24751,35,0
native/factorial,0,shape-data6,920927,4006,35,0
native/factorial,1,shape-data6,3370903,13226,35,0
native/factorial,2,shape-data6,6433373,24751,35,0
native/factorial,0,combined,920927,4006,35,0
native/factorial,1,combined,3370903,13226,35,0
native/factorial,2,combined,6433373,24751,35,0
native/factorial,0,production-default,968927,4306,37,0
native/factorial,1,production-default,3610903,14726,37,0
native/factorial,2,production-default,6913373,27751,37,0
native/factorial,0,production-unpacked,968927,4306,37,0
native/factorial,1,production-unpacked,3610903,14726,37,0
native/factorial,2,production-unpacked,6913373,27751,37,0
native/factorial,0,production-shared,968927,4306,37,0
native/factorial,1,production-shared,3610903,14726,37,0
native/factorial,2,production-shared,6913373,27751,37,0
native/factorial,0,production-size,968927,4306,37,0
native/factorial,1,production-size,3610903,14726,37,0
native/factorial,2,production-size,6913373,27751,37,0
native/factorial,0,production-all,968927,4306,37,0
native/factorial,1,production-all,3610903,14726,37,0
native/factorial,2,production-all,6913373,27751,37,0
native/tree-sum,0,baseline,224100,1500,33,0
native/tree-sum,1,baseline,837308,4702,33,0
native/tree-sum,2,baseline,2063724,11106,33,0
native/tree-sum,0,constant-fold,224100,1500,33,0
native/tree-sum,1,constant-fold,837308,4702,33,0
native/tree-sum,2,constant-fold,2063724,11106,33,0
native/tree-sum,0,data-fold,224100,1500,33,0
native/tree-sum,1,data-fold,837308,4702,33,0
native/tree-sum,2,data-fold,2063724,11106,33,0
native/tree-sum,0,boolean-case,224100,1500,33,0
native/tree-sum,1,boolean-case,837308,4702,33,0
native/tree-sum,2,boolean-case,2063724,11106,33,0
native/tree-sum,0,shape-dce,224100,1500,33,0
native/tree-sum,1,shape-dce,837308,4702,33,0
native/tree-sum,2,shape-dce,2063724,11106,33,0
native/tree-sum,0,list-fusion,224100,1500,33,0
native/tree-sum,1,list-fusion,837308,4702,33,0
native/tree-sum,2,list-fusion,2063724,11106,33,0
native/tree-sum,0,pack-app3,224100,1500,33,0
native/tree-sum,1,pack-app3,837308,4702,33,0
native/tree-sum,2,pack-app3,2063724,11106,33,0
native/tree-sum,0,delay-share,224100,1500,33,0
native/tree-sum,1,delay-share,837308,4702,33,0
native/tree-sum,2,delay-share,2063724,11106,33,0
native/tree-sum,0,dead-fix,224100,1500,33,0
native/tree-sum,1,dead-fix,837308,4702,33,0
native/tree-sum,2,dead-fix,2063724,11106,33,0
native/tree-sum,0,builtin-share2,224100,1500,33,0
native/tree-sum,1,builtin-share2,837308,4702,33,0
native/tree-sum,2,builtin-share2,2063724,11106,33,0
native/tree-sum,0,builtin-share1,224100,1500,33,0
native/tree-sum,1,builtin-share1,837308,4702,33,0
native/tree-sum,2,builtin-share1,2063724,11106,33,0
native/tree-sum,0,constant-pool,224100,1500,33,0
native/tree-sum,1,constant-pool,837308,4702,33,0
native/tree-sum,2,constant-pool,2063724,11106,33,0
native/tree-sum,0,cleanup,224100,1500,28,0
native/tree-sum,1,cleanup,741308,4102,28,0
native/tree-sum,2,cleanup,1775724,9306,28,0
native/tree-sum,0,shape-cleanup,224100,1500,28,0
native/tree-sum,1,shape-cleanup,741308,4102,28,0
native/tree-sum,2,shape-cleanup,1775724,9306,28,0
native/tree-sum,0,data-cleanup,224100,1500,28,0
native/tree-sum,1,data-cleanup,741308,4102,28,0
native/tree-sum,2,data-cleanup,1775724,9306,28,0
native/tree-sum,0,shape-data6,224100,1500,28,0
native/tree-sum,1,shape-data6,741308,4102,28,0
native/tree-sum,2,shape-data6,1775724,9306,28,0
native/tree-sum,0,combined,224100,1500,28,0
native/tree-sum,1,combined,741308,4102,28,0
native/tree-sum,2,combined,1775724,9306,28,0
native/tree-sum,0,production-default,224100,1500,28,0
native/tree-sum,1,production-default,741308,4102,28,0
native/tree-sum,2,production-default,1775724,9306,28,0
native/tree-sum,0,production-unpacked,224100,1500,28,0
native/tree-sum,1,production-unpacked,741308,4102,28,0
native/tree-sum,2,production-unpacked,1775724,9306,28,0
native/tree-sum,0,production-shared,224100,1500,28,0
native/tree-sum,1,production-shared,741308,4102,28,0
native/tree-sum,2,production-shared,1775724,9306,28,0
native/tree-sum,0,production-size,224100,1500,28,0
native/tree-sum,1,production-size,741308,4102,28,0
native/tree-sum,2,production-size,1775724,9306,28,0
native/tree-sum,0,production-all,224100,1500,28,0
native/tree-sum,1,production-all,741308,4102,28,0
native/tree-sum,2,production-all,1775724,9306,28,0
native/sop-access,0,baseline,2547112,7918,63,0
native/sop-access,0,constant-fold,2547112,7918,63,0
native/sop-access,0,data-fold,2547112,7918,63,0
native/sop-access,0,boolean-case,2547112,7918,63,0
native/sop-access,0,shape-dce,2547112,7918,63,0
native/sop-access,0,list-fusion,2547112,7918,63,0
native/sop-access,0,pack-app3,2547112,7918,63,0
native/sop-access,0,delay-share,2547112,7918,63,0
native/sop-access,0,dead-fix,2547112,7918,63,0
native/sop-access,0,builtin-share2,2547112,7918,66,0
native/sop-access,0,builtin-share1,2595112,8218,68,0
native/sop-access,0,constant-pool,2547112,7918,63,0
native/sop-access,0,cleanup,2547112,7918,63,0
native/sop-access,0,shape-cleanup,2547112,7918,63,0
native/sop-access,0,data-cleanup,2547112,7918,63,0
native/sop-access,0,shape-data6,2547112,7918,63,0
native/sop-access,0,combined,2547112,7918,66,0
native/sop-access,0,production-default,2547112,7918,63,1
native/sop-access,0,production-unpacked,2547112,7918,63,0
native/sop-access,0,production-shared,2547112,7918,66,1
native/sop-access,0,production-size,2547112,7918,63,1
native/sop-access,0,production-all,2547112,7918,66,1
native/construct-payment,0,baseline,16100,200,21,0
native/construct-payment,0,constant-fold,16100,200,21,0
native/construct-payment,0,data-fold,16100,200,21,0
native/construct-payment,0,boolean-case,16100,200,21,0
native/construct-payment,0,shape-dce,16100,200,21,0
native/construct-payment,0,list-fusion,16100,200,21,0
native/construct-payment,0,pack-app3,16100,200,21,0
native/construct-payment,0,delay-share,16100,200,21,0
native/construct-payment,0,dead-fix,16100,200,21,0
native/construct-payment,0,builtin-share2,16100,200,21,0
native/construct-payment,0,builtin-share1,16100,200,21,0
native/construct-payment,0,constant-pool,16100,200,21,0
native/construct-payment,0,cleanup,16100,200,21,0
native/construct-payment,0,shape-cleanup,16100,200,21,0
native/construct-payment,0,data-cleanup,16100,200,21,0
native/construct-payment,0,shape-data6,16100,200,21,0
native/construct-payment,0,combined,16100,200,21,0
native/construct-payment,0,production-default,16100,200,21,0
native/construct-payment,0,production-unpacked,16100,200,21,0
native/construct-payment,0,production-shared,16100,200,21,0
native/construct-payment,0,production-size,16100,200,21,0
native/construct-payment,0,production-all,16100,200,21,0
native/construct-nested,0,baseline,356764,1696,37,0
native/construct-nested,0,constant-fold,356764,1696,37,0
native/construct-nested,0,data-fold,356764,1696,37,0
native/construct-nested,0,boolean-case,356764,1696,37,0
native/construct-nested,0,shape-dce,356764,1696,37,0
native/construct-nested,0,list-fusion,356764,1696,37,0
native/construct-nested,0,pack-app3,356764,1696,37,0
native/construct-nested,0,delay-share,356764,1696,37,0
native/construct-nested,0,dead-fix,356764,1696,37,0
native/construct-nested,0,builtin-share2,356764,1696,37,0
native/construct-nested,0,builtin-share1,452764,2296,42,0
native/construct-nested,0,constant-pool,356764,1696,37,0
native/construct-nested,0,cleanup,356764,1696,37,0
native/construct-nested,0,shape-cleanup,356764,1696,37,0
native/construct-nested,0,data-cleanup,356764,1696,37,0
native/construct-nested,0,shape-data6,356764,1696,37,0
native/construct-nested,0,combined,356764,1696,37,0
native/construct-nested,0,production-default,356764,1696,37,0
native/construct-nested,0,production-unpacked,356764,1696,37,0
native/construct-nested,0,production-shared,356764,1696,37,0
native/construct-nested,0,production-size,356764,1696,37,0
native/construct-nested,0,production-all,356764,1696,37,0
native/extract-lovelace,0,baseline,510574,1728,15,0
native/extract-lovelace,0,constant-fold,510574,1728,15,0
native/extract-lovelace,0,data-fold,510574,1728,15,0
native/extract-lovelace,0,boolean-case,510574,1728,15,0
native/extract-lovelace,0,shape-dce,510574,1728,15,0
native/extract-lovelace,0,list-fusion,510574,1728,15,0
native/extract-lovelace,0,pack-app3,510574,1728,15,0
native/extract-lovelace,0,delay-share,510574,1728,15,0
native/extract-lovelace,0,dead-fix,510574,1728,15,0
native/extract-lovelace,0,builtin-share2,510574,1728,15,0
native/extract-lovelace,0,builtin-share1,606574,2328,20,0
native/extract-lovelace,0,constant-pool,510574,1728,15,0
native/extract-lovelace,0,cleanup,510574,1728,15,0
native/extract-lovelace,0,shape-cleanup,510574,1728,15,0
native/extract-lovelace,0,data-cleanup,510574,1728,15,0
native/extract-lovelace,0,shape-data6,510574,1728,15,0
native/extract-lovelace,0,combined,510574,1728,15,0
native/extract-lovelace,0,production-default,510574,1728,15,0
native/extract-lovelace,0,production-unpacked,510574,1728,15,0
native/extract-lovelace,0,production-shared,510574,1728,15,0
native/extract-lovelace,0,production-size,510574,1728,15,0
native/extract-lovelace,0,production-all,510574,1728,15,0
native/extract-time,0,baseline,1037339,3326,28,0
native/extract-time,0,constant-fold,1037339,3326,28,0
native/extract-time,0,data-fold,1037339,3326,28,0
native/extract-time,0,boolean-case,1037339,3326,28,0
native/extract-time,0,shape-dce,1037339,3326,28,0
native/extract-time,0,list-fusion,1037339,3326,28,0
native/extract-time,0,pack-app3,1037339,3326,28,0
native/extract-time,0,delay-share,1037339,3326,28,0
native/extract-time,0,dead-fix,1037339,3326,28,0
native/extract-time,0,builtin-share2,1069339,3526,30,0
native/extract-time,0,builtin-share1,1165339,4126,35,0
native/extract-time,0,constant-pool,1037339,3326,28,0
native/extract-time,0,cleanup,1037339,3326,28,0
native/extract-time,0,shape-cleanup,1037339,3326,28,0
native/extract-time,0,data-cleanup,1037339,3326,28,0
native/extract-time,0,shape-data6,1037339,3326,28,0
native/extract-time,0,combined,1069339,3526,30,0
native/extract-time,0,production-default,1037339,3326,28,1
native/extract-time,0,production-unpacked,1037339,3326,28,0
native/extract-time,0,production-shared,1069339,3526,30,0
native/extract-time,0,production-size,1037339,3326,28,0
native/extract-time,0,production-all,1069339,3526,30,0
native/match-action,0,baseline,1056802,3961,44,0
native/match-action,1,baseline,989241,3798,44,0
native/match-action,0,constant-fold,1056802,3961,44,0
native/match-action,1,constant-fold,989241,3798,44,0
native/match-action,0,data-fold,1056802,3961,44,0
native/match-action,1,data-fold,989241,3798,44,0
native/match-action,0,boolean-case,1056802,3961,44,0
native/match-action,1,boolean-case,989241,3798,44,0
native/match-action,0,shape-dce,1056802,3961,44,0
native/match-action,1,shape-dce,989241,3798,44,0
native/match-action,0,list-fusion,1056802,3961,44,0
native/match-action,1,list-fusion,989241,3798,44,0
native/match-action,0,pack-app3,1056802,3961,44,0
native/match-action,1,pack-app3,989241,3798,44,0
native/match-action,0,delay-share,1056802,3961,44,0
native/match-action,1,delay-share,989241,3798,44,0
native/match-action,0,dead-fix,1056802,3961,44,0
native/match-action,1,dead-fix,989241,3798,44,0
native/match-action,0,builtin-share2,1056802,3961,44,0
native/match-action,1,builtin-share2,989241,3798,44,0
native/match-action,0,builtin-share1,1200802,4861,52,0
native/match-action,1,builtin-share1,1149241,4798,52,0
native/match-action,0,constant-pool,1056802,3961,44,0
native/match-action,1,constant-pool,989241,3798,44,0
native/match-action,0,cleanup,1056802,3961,44,0
native/match-action,1,cleanup,989241,3798,44,0
native/match-action,0,shape-cleanup,1056802,3961,44,0
native/match-action,1,shape-cleanup,989241,3798,44,0
native/match-action,0,data-cleanup,1056802,3961,44,0
native/match-action,1,data-cleanup,989241,3798,44,0
native/match-action,0,shape-data6,1056802,3961,44,0
native/match-action,1,shape-data6,989241,3798,44,0
native/match-action,0,combined,1056802,3961,44,0
native/match-action,1,combined,989241,3798,44,0
native/match-action,0,production-default,1056802,3961,44,0
native/match-action,1,production-default,989241,3798,44,0
native/match-action,0,production-unpacked,1056802,3961,44,0
native/match-action,1,production-unpacked,989241,3798,44,0
native/match-action,0,production-shared,1056802,3961,44,0
native/match-action,1,production-shared,989241,3798,44,0
native/match-action,0,production-size,1056802,3961,44,0
native/match-action,1,production-size,989241,3798,44,0
native/match-action,0,production-all,1056802,3961,44,0
native/match-action,1,production-all,989241,3798,44,0
policy/always,0,baseline,765156,2460,20,0
policy/always,1,baseline,765156,2460,20,0
policy/always,0,constant-fold,765156,2460,20,0
policy/always,1,constant-fold,765156,2460,20,0
policy/always,0,data-fold,765156,2460,20,0
policy/always,1,data-fold,765156,2460,20,0
policy/always,0,boolean-case,765156,2460,20,0
policy/always,1,boolean-case,765156,2460,20,0
policy/always,0,shape-dce,765156,2460,20,0
policy/always,1,shape-dce,765156,2460,20,0
policy/always,0,list-fusion,765156,2460,20,0
policy/always,1,list-fusion,765156,2460,20,0
policy/always,0,pack-app3,765156,2460,20,0
policy/always,1,pack-app3,765156,2460,20,0
policy/always,0,delay-share,765156,2460,20,0
policy/always,1,delay-share,765156,2460,20,0
policy/always,0,dead-fix,765156,2460,20,0
policy/always,1,dead-fix,765156,2460,20,0
policy/always,0,builtin-share2,797156,2660,22,0
policy/always,1,builtin-share2,797156,2660,22,0
policy/always,0,builtin-share1,893156,3260,27,0
policy/always,1,builtin-share1,893156,3260,27,0
policy/always,0,constant-pool,765156,2460,20,0
policy/always,1,constant-pool,765156,2460,20,0
policy/always,0,cleanup,765156,2460,20,0
policy/always,1,cleanup,765156,2460,20,0
policy/always,0,shape-cleanup,765156,2460,20,0
policy/always,1,shape-cleanup,765156,2460,20,0
policy/always,0,data-cleanup,765156,2460,20,0
policy/always,1,data-cleanup,765156,2460,20,0
policy/always,0,shape-data6,765156,2460,20,0
policy/always,1,shape-data6,765156,2460,20,0
policy/always,0,combined,797156,2660,22,0
policy/always,1,combined,797156,2660,22,0
policy/always,0,production-default,765156,2460,20,0
policy/always,1,production-default,765156,2460,20,0
policy/always,0,production-unpacked,765156,2460,20,0
policy/always,1,production-unpacked,765156,2460,20,0
policy/always,0,production-shared,797156,2660,22,0
policy/always,1,production-shared,797156,2660,22,0
policy/always,0,production-size,765156,2460,20,1
policy/always,1,production-size,765156,2460,20,1
policy/always,0,production-all,797156,2660,22,0
policy/always,1,production-all,797156,2660,22,0
policy/redeemer,0,baseline,1476199,4690,42,0
policy/redeemer,1,baseline,1476199,4690,42,0
policy/redeemer,2,baseline,1175972,3725,42,0
policy/redeemer,0,constant-fold,1476199,4690,42,0
policy/redeemer,1,constant-fold,1476199,4690,42,0
policy/redeemer,2,constant-fold,1175972,3725,42,0
policy/redeemer,0,data-fold,1476199,4690,42,0
policy/redeemer,1,data-fold,1476199,4690,42,0
policy/redeemer,2,data-fold,1175972,3725,42,0
policy/redeemer,0,boolean-case,1476199,4690,42,0
policy/redeemer,1,boolean-case,1476199,4690,42,0
policy/redeemer,2,boolean-case,1175972,3725,42,0
policy/redeemer,0,shape-dce,1476199,4690,42,0
policy/redeemer,1,shape-dce,1476199,4690,42,0
policy/redeemer,2,shape-dce,1175972,3725,42,0
policy/redeemer,0,list-fusion,1476199,4690,42,0
policy/redeemer,1,list-fusion,1476199,4690,42,0
policy/redeemer,2,list-fusion,1175972,3725,42,0
policy/redeemer,0,pack-app3,1476199,4690,42,0
policy/redeemer,1,pack-app3,1476199,4690,42,0
policy/redeemer,2,pack-app3,1175972,3725,42,0
policy/redeemer,0,delay-share,1476199,4690,42,0
policy/redeemer,1,delay-share,1476199,4690,42,0
policy/redeemer,2,delay-share,1175972,3725,42,0
policy/redeemer,0,dead-fix,1476199,4690,42,0
policy/redeemer,1,dead-fix,1476199,4690,42,0
policy/redeemer,2,dead-fix,1175972,3725,42,0
policy/redeemer,0,builtin-share2,1540199,5090,46,0
policy/redeemer,1,builtin-share2,1540199,5090,46,0
policy/redeemer,2,builtin-share2,1255972,4225,46,0
policy/redeemer,0,builtin-share1,1636199,5690,51,0
policy/redeemer,1,builtin-share1,1636199,5690,51,0
policy/redeemer,2,builtin-share1,1351972,4825,51,0
policy/redeemer,0,constant-pool,1476199,4690,42,0
policy/redeemer,1,constant-pool,1476199,4690,42,0
policy/redeemer,2,constant-pool,1175972,3725,42,0
policy/redeemer,0,cleanup,1476199,4690,42,0
policy/redeemer,1,cleanup,1476199,4690,42,0
policy/redeemer,2,cleanup,1175972,3725,42,0
policy/redeemer,0,shape-cleanup,1476199,4690,42,0
policy/redeemer,1,shape-cleanup,1476199,4690,42,0
policy/redeemer,2,shape-cleanup,1175972,3725,42,0
policy/redeemer,0,data-cleanup,1476199,4690,42,0
policy/redeemer,1,data-cleanup,1476199,4690,42,0
policy/redeemer,2,data-cleanup,1175972,3725,42,0
policy/redeemer,0,shape-data6,1476199,4690,42,0
policy/redeemer,1,shape-data6,1476199,4690,42,0
policy/redeemer,2,shape-data6,1175972,3725,42,0
policy/redeemer,0,combined,1540199,5090,46,0
policy/redeemer,1,combined,1540199,5090,46,0
policy/redeemer,2,combined,1255972,4225,46,0
policy/redeemer,0,production-default,1476199,4690,42,0
policy/redeemer,1,production-default,1476199,4690,42,0
policy/redeemer,2,production-default,1175972,3725,42,0
policy/redeemer,0,production-unpacked,1476199,4690,42,0
policy/redeemer,1,production-unpacked,1476199,4690,42,0
policy/redeemer,2,production-unpacked,1175972,3725,42,0
policy/redeemer,0,production-shared,1540199,5090,46,0
policy/redeemer,1,production-shared,1540199,5090,46,0
policy/redeemer,2,production-shared,1255972,4225,46,0
policy/redeemer,0,production-size,1476199,4690,42,1
policy/redeemer,1,production-size,1476199,4690,42,1
policy/redeemer,2,production-size,1175972,3725,42,1
policy/redeemer,0,production-all,1540199,5090,46,0
policy/redeemer,1,production-all,1540199,5090,46,0
policy/redeemer,2,production-all,1255972,4225,46,0
policy/currency,0,baseline,1818792,6122,51,0
policy/currency,1,baseline,1818792,6122,51,0
policy/currency,2,baseline,1541964,5157,51,0
policy/currency,0,constant-fold,1818792,6122,51,0
policy/currency,1,constant-fold,1818792,6122,51,0
policy/currency,2,constant-fold,1541964,5157,51,0
policy/currency,0,data-fold,1818792,6122,51,0
policy/currency,1,data-fold,1818792,6122,51,0
policy/currency,2,data-fold,1541964,5157,51,0
policy/currency,0,boolean-case,1818792,6122,51,0
policy/currency,1,boolean-case,1818792,6122,51,0
policy/currency,2,boolean-case,1541964,5157,51,0
policy/currency,0,shape-dce,1818792,6122,51,0
policy/currency,1,shape-dce,1818792,6122,51,0
policy/currency,2,shape-dce,1541964,5157,51,0
policy/currency,0,list-fusion,1818792,6122,51,0
policy/currency,1,list-fusion,1818792,6122,51,0
policy/currency,2,list-fusion,1541964,5157,51,0
policy/currency,0,pack-app3,1818792,6122,51,0
policy/currency,1,pack-app3,1818792,6122,51,0
policy/currency,2,pack-app3,1541964,5157,51,0
policy/currency,0,delay-share,1818792,6122,51,0
policy/currency,1,delay-share,1818792,6122,51,0
policy/currency,2,delay-share,1541964,5157,51,0
policy/currency,0,dead-fix,1818792,6122,51,0
policy/currency,1,dead-fix,1818792,6122,51,0
policy/currency,2,dead-fix,1541964,5157,51,0
policy/currency,0,builtin-share2,1882792,6522,55,0
policy/currency,1,builtin-share2,1882792,6522,55,0
policy/currency,2,builtin-share2,1621964,5657,55,0
policy/currency,0,builtin-share1,1978792,7122,60,0
policy/currency,1,builtin-share1,1978792,7122,60,0
policy/currency,2,builtin-share1,1717964,6257,60,0
policy/currency,0,constant-pool,1818792,6122,51,0
policy/currency,1,constant-pool,1818792,6122,51,0
policy/currency,2,constant-pool,1541964,5157,51,0
policy/currency,0,cleanup,1818792,6122,51,0
policy/currency,1,cleanup,1818792,6122,51,0
policy/currency,2,cleanup,1541964,5157,51,0
policy/currency,0,shape-cleanup,1818792,6122,51,0
policy/currency,1,shape-cleanup,1818792,6122,51,0
policy/currency,2,shape-cleanup,1541964,5157,51,0
policy/currency,0,data-cleanup,1818792,6122,51,0
policy/currency,1,data-cleanup,1818792,6122,51,0
policy/currency,2,data-cleanup,1541964,5157,51,0
policy/currency,0,shape-data6,1818792,6122,51,0
policy/currency,1,shape-data6,1818792,6122,51,0
policy/currency,2,shape-data6,1541964,5157,51,0
policy/currency,0,combined,1882792,6522,55,0
policy/currency,1,combined,1882792,6522,55,0
policy/currency,2,combined,1621964,5657,55,0
policy/currency,0,production-default,1818792,6122,51,1
policy/currency,1,production-default,1818792,6122,51,1
policy/currency,2,production-default,1541964,5157,51,1
policy/currency,0,production-unpacked,1818792,6122,51,0
policy/currency,1,production-unpacked,1818792,6122,51,0
policy/currency,2,production-unpacked,1541964,5157,51,0
policy/currency,0,production-shared,1882792,6522,55,0
policy/currency,1,production-shared,1882792,6522,55,0
policy/currency,2,production-shared,1621964,5657,55,0
policy/currency,0,production-size,1818792,6122,51,0
policy/currency,1,production-size,1818792,6122,51,0
policy/currency,2,production-size,1541964,5157,51,0
policy/currency,0,production-all,1882792,6522,55,1
policy/currency,1,production-all,1882792,6522,55,1
policy/currency,2,production-all,1621964,5657,55,1
policy/nft,0,baseline,2343773,8251,68,0
policy/nft,1,baseline,2343773,8251,68,0
policy/nft,2,baseline,741055,389,68,0
policy/nft,3,baseline,1271972,4325,68,0
policy/nft,0,constant-fold,2343773,8251,68,0
policy/nft,1,constant-fold,2343773,8251,68,0
policy/nft,2,constant-fold,741055,389,68,0
policy/nft,3,constant-fold,1271972,4325,68,0
policy/nft,0,data-fold,2343773,8251,68,0
policy/nft,1,data-fold,2343773,8251,68,0
policy/nft,2,data-fold,741055,389,68,0
policy/nft,3,data-fold,1271972,4325,68,0
policy/nft,0,boolean-case,2343773,8251,68,0
policy/nft,1,boolean-case,2343773,8251,68,0
policy/nft,2,boolean-case,741055,389,68,0
policy/nft,3,boolean-case,1271972,4325,68,0
policy/nft,0,shape-dce,2343773,8251,68,0
policy/nft,1,shape-dce,2343773,8251,68,0
policy/nft,2,shape-dce,741055,389,68,0
policy/nft,3,shape-dce,1271972,4325,68,0
policy/nft,0,list-fusion,2343773,8251,68,0
policy/nft,1,list-fusion,2343773,8251,68,0
policy/nft,2,list-fusion,741055,389,68,0
policy/nft,3,list-fusion,1271972,4325,68,0
policy/nft,0,pack-app3,2343773,8251,68,0
policy/nft,1,pack-app3,2343773,8251,68,0
policy/nft,2,pack-app3,741055,389,68,0
policy/nft,3,pack-app3,1271972,4325,68,0
policy/nft,0,delay-share,2343773,8251,68,0
policy/nft,1,delay-share,2343773,8251,68,0
policy/nft,2,delay-share,741055,389,68,0
policy/nft,3,delay-share,1271972,4325,68,0
policy/nft,0,dead-fix,2343773,8251,68,0
policy/nft,1,dead-fix,2343773,8251,68,0
policy/nft,2,dead-fix,741055,389,68,0
policy/nft,3,dead-fix,1271972,4325,68,0
policy/nft,0,builtin-share2,2359773,8351,71,0
policy/nft,1,builtin-share2,2359773,8351,71,0
policy/nft,2,builtin-share2,741055,389,71,0
policy/nft,3,builtin-share2,1351972,4825,71,0
policy/nft,0,builtin-share1,2455773,8951,76,0
policy/nft,1,builtin-share1,2455773,8951,76,0
policy/nft,2,builtin-share1,741055,389,76,0
policy/nft,3,builtin-share1,1447972,5425,76,0
policy/nft,0,constant-pool,2343773,8251,68,0
policy/nft,1,constant-pool,2343773,8251,68,0
policy/nft,2,constant-pool,741055,389,68,0
policy/nft,3,constant-pool,1271972,4325,68,0
policy/nft,0,cleanup,2343773,8251,68,0
policy/nft,1,cleanup,2343773,8251,68,0
policy/nft,2,cleanup,741055,389,68,0
policy/nft,3,cleanup,1271972,4325,68,0
policy/nft,0,shape-cleanup,2343773,8251,68,0
policy/nft,1,shape-cleanup,2343773,8251,68,0
policy/nft,2,shape-cleanup,741055,389,68,0
policy/nft,3,shape-cleanup,1271972,4325,68,0
policy/nft,0,data-cleanup,2343773,8251,68,0
policy/nft,1,data-cleanup,2343773,8251,68,0
policy/nft,2,data-cleanup,741055,389,68,0
policy/nft,3,data-cleanup,1271972,4325,68,0
policy/nft,0,shape-data6,2343773,8251,68,0
policy/nft,1,shape-data6,2343773,8251,68,0
policy/nft,2,shape-data6,741055,389,68,0
policy/nft,3,shape-data6,1271972,4325,68,0
policy/nft,0,combined,2359773,8351,71,0
policy/nft,1,combined,2359773,8351,71,0
policy/nft,2,combined,741055,389,71,0
policy/nft,3,combined,1351972,4825,71,0
policy/nft,0,production-default,2343773,8251,68,1
policy/nft,1,production-default,2343773,8251,68,1
policy/nft,2,production-default,741055,389,68,1
policy/nft,3,production-default,1271972,4325,68,1
policy/nft,0,production-unpacked,2343773,8251,68,1
policy/nft,1,production-unpacked,2343773,8251,68,1
policy/nft,2,production-unpacked,741055,389,68,1
policy/nft,3,production-unpacked,1271972,4325,68,1
policy/nft,0,production-shared,2359773,8351,71,0
policy/nft,1,production-shared,2359773,8351,71,0
policy/nft,2,production-shared,741055,389,71,0
policy/nft,3,production-shared,1351972,4825,71,0
policy/nft,0,production-size,2343773,8251,68,1
policy/nft,1,production-size,2343773,8251,68,1
policy/nft,2,production-size,741055,389,68,1
policy/nft,3,production-size,1271972,4325,68,1
policy/nft,0,production-all,2359773,8351,71,0
policy/nft,1,production-all,2359773,8351,71,0
policy/nft,2,production-all,741055,389,71,0
policy/nft,3,production-all,1351972,4825,71,0
