fixture,input,script,arguments
native/factorial,0,0101003230010012293370E00290004CDC1000991980180180099B810014800A900101,010100480081
native/factorial,1,0101003230010012293370E00290004CDC1000991980180180099B810014800A900101,010100480281
native/factorial,2,0101003230010012293370E00290004CDC1000991980180180099B810014800A900101,010100480501
native/tree-sum,0,0101003230010012290019000C88CDC01919802802800801191980280280080081,010100800A401401
native/tree-sum,1,0101003230010012290019000C88CDC01919802802800801191980280280080081,010100801C0052004600290031
native/tree-sum,2,0101003230010012290019000C88CDC01919802802800801191980280280080081,010100801C00E0029001300148010C00E00290033001480201
native/sop-access,0,01010022323232323370060046EB4D5D09ABA2001375A6AE84004C00CDD50021B80337006EB4D5D08009BAD357426AE88D5D10009ABA230013754006AAE781,0101004C010AD86682009F01020304FF0001;0101004C010AD86682009F05060708FF0001
native/construct-payment,0,0101004C010DD86682009F1A000F4240182AFF0001,
native/construct-nested,0,010100323001335740600297AE11010A00810114008102181E0025EB850107001BA5480001,
native/extract-lovelace,0,0101002375A6AE84D55CF1BAA00101,0101004C010DD86682009F1A000F4240182AFF0001
native/extract-time,0,010100232337006EB4D5D08009BAD357426AE88004D55CF1BAA00101,0101004C010CD86682009F1903E81907D0FF0001
native/match-action,0,010100232323232930014800326002900152000A40029BAD35742004370E0046AAE78008D55CE8009BAA0011,0101004C0109D86682009F1901F4FF0001
native/match-action,1,010100232323232930014800326002900152000A40029BAD35742004370E0046AAE78008D55CE8009BAA0011,0101004C0106D86682029FFF0001
policy/always,0,0101002324A26AE84D5D11ABA235573C6EA80041,0101004C0117D86682009FD86682009FFF182AD86682009F42DEADFFFF0001
policy/always,1,0101002324A26AE84D5D11ABA235573C6EA80041,0101004C0126D86682009FD86682009FFF182AD86682019FD86682009F44AABBCCDD00FFD86682019FFFFFFF0001
policy/redeemer,0,01010023293370E6AAE74DD51ABA13574400290005284CDC39BAD35742002902A0D5D11AAB9E37540021,0101004C0117D86682009FD86682009FFF182AD86682009F42DEADFFFF0001
policy/redeemer,1,01010023293370E6AAE74DD51ABA13574400290005284CDC39BAD35742002902A0D5D11AAB9E37540021,0101004C0116D86682009FD86682009FFF00D86682009F42DEADFFFF0001
policy/redeemer,2,01010023293370E6AAE74DD51ABA13574400290005284CDC39BAD35742002902A0D5D11AAB9E37540021,0101004C0126D86682009FD86682009FFF182AD86682019FD86682009F44AABBCCDD00FFD86682019FFFFFFF0001
policy/currency,0,010100223232323293370E00490005284CDC79BAE3574200200C300300235573A0026EA8D5D09ABA23574460026EA800955CF1,010100488102DEAD0001;0101004C0117D86682009FD86682009FFF182AD86682009F42DEADFFFF0001
policy/currency,1,010100223232323293370E00490005284CDC79BAE3574200200C300300235573A0026EA8D5D09ABA23574460026EA800955CF1,010100488102CAFE0001;0101004C0117D86682009FD86682009FFF182AD86682009F42DEADFFFF0001
policy/currency,2,010100223232323293370E00490005284CDC79BAE3574200200C300300235573A0026EA8D5D09ABA23574460026EA800955CF1,010100488102DEAD0001;0101004C0126D86682009FD86682009FFF182AD86682019FD86682009F44AABBCCDD00FFD86682019FFFFFFF0001
policy/nft,0,0101002223293370E6AAE74DD51ABA13574400290005284C8C8CA4CDC7801003D284CDC38008030DD69ABA1357440046EB8D5D08009BAC35742002357446AAE78DD50009,010100488104AABBCCDD0001;010100480001;0101004C011DD86682009FD86682009FFF9F44AABBCCDD00FFD86682009F42DEADFFFF0001
policy/nft,1,0101002223293370E6AAE74DD51ABA13574400290005284C8C8CA4CDC7801003D284CDC38008030DD69ABA1357440046EB8D5D08009BAC35742002357446AAE78DD50009,010100488104AABBCCDD0001;010100480081;0101004C011DD86682009FD86682009FFF9F44AABBCCDD00FFD86682009F42DEADFFFF0001
policy/nft,2,0101002223293370E6AAE74DD51ABA13574400290005284C8C8CA4CDC7801003D284CDC38008030DD69ABA1357440046EB8D5D08009BAC35742002357446AAE78DD50009,010100488104AABBCCDD0001;010100480001;0101004C0117D86682009FD86682009FFF1863D86682009F42DEADFFFF0001
policy/nft,3,0101002223293370E6AAE74DD51ABA13574400290005284C8C8CA4CDC7801003D284CDC38008030DD69ABA1357440046EB8D5D08009BAC35742002357446AAE78DD50009,010100488104AABBCCDD0001;010100480001;0101004C0126D86682009FD86682009FFF182AD86682019FD86682009F44AABBCCDD00FFD86682019FFFFFFF0001
policy/list-redeemer,0,01010023293370E6AAE74DD51ABA13574400290005284CA4D5D1800CC8CA4D5D1800CCDC78011BAE357420034A0357440046EB8D5D0800D280DD61ABA10011ABA235573C6EA80041,0101004C0121D86682009FD86682009FFF9F44AABBCCDD44AABBCCDDFFD86682009F42DEADFFFF0001
policy/list-redeemer,1,01010023293370E6AAE74DD51ABA13574400290005284CA4D5D1800CC8CA4D5D1800CCDC78011BAE357420034A0357440046EB8D5D0800D280DD61ABA10011ABA235573C6EA80041,0101004C011ED86682009FD86682009FFF9F44AABBCCDD4100FFD86682009F42DEADFFFF0001
policy/list-redeemer,2,01010023293370E6AAE74DD51ABA13574400290005284CA4D5D1800CC8CA4D5D1800CCDC78011BAE357420034A0357440046EB8D5D0800D280DD61ABA10011ABA235573C6EA80041,0101004C0117D86682009FD86682009FFF9FFFD86682009F42DEADFFFF0001
policy/list-redeemer,3,01010023293370E6AAE74DD51ABA13574400290005284CA4D5D1800CC8CA4D5D1800CCDC78011BAE357420034A0357440046EB8D5D0800D280DD61ABA10011ABA235573C6EA80041,0101004C011CD86682009FD86682009FFF9F44AABBCCDDFFD86682009F42DEADFFFF0001
policy/list-redeemer,4,01010023293370E6AAE74DD51ABA13574400290005284CA4D5D1800CC8CA4D5D1800CCDC78011BAE357420034A0357440046EB8D5D0800D280DD61ABA10011ABA235573C6EA80041,0101004C011DD86682009FD86682009FFF9F0044AABBCCDDFFD86682009F42DEADFFFF0001
policy/list-redeemer,5,01010023293370E6AAE74DD51ABA13574400290005284CA4D5D1800CC8CA4D5D1800CCDC78011BAE357420034A0357440046EB8D5D0800D280DD61ABA10011ABA235573C6EA80041,0101004C0116D86682009FD86682009FFF00D86682009F42DEADFFFF0001
policy/list-redeemer,6,01010023293370E6AAE74DD51ABA13574400290005284CA4D5D1800CC8CA4D5D1800CCDC78011BAE357420034A0357440046EB8D5D0800D280DD61ABA10011ABA235573C6EA80041,0101004C0130D86682009FD86682009FFF9F44AABBCCDD44AABBCCDDFFD86682019FD86682009F44AABBCCDD00FFD86682019FFFFFFF0001
