validator,scenario,profile,cpu,memory,flat_bytes
Voting,generated 1/0/1,frozen-default,11448192,28587,237
Voting,generated 1/0/1,result-summaries,11072094,27185,229
Voting,generated 1/0/1,combined,10736094,25085,207
Voting,generated 2/0/1,frozen-default,11448192,28587,237
Voting,generated 2/0/1,result-summaries,11072094,27185,229
Voting,generated 2/0/1,combined,10736094,25085,207
Voting,generated 2/1/1,frozen-default,16260696,42533,237
Voting,generated 2/1/1,result-summaries,15696549,40430,229
Voting,generated 2/1/1,combined,15072549,36530,207
Voting,generated 3/0/1,frozen-default,11448192,28587,237
Voting,generated 3/0/1,result-summaries,11072094,27185,229
Voting,generated 3/0/1,combined,10736094,25085,207
Voting,generated 3/1/1,frozen-default,16260696,42533,237
Voting,generated 3/1/1,result-summaries,15696549,40430,229
Voting,generated 3/1/1,combined,15072549,36530,207
Voting,generated 3/2/1,frozen-default,21073200,56479,237
Voting,generated 3/2/1,result-summaries,20321004,53675,229
Voting,generated 3/2/1,combined,19409004,47975,207
Voting,generated 4/0/1,frozen-default,11448192,28587,237
Voting,generated 4/0/1,result-summaries,11072094,27185,229
Voting,generated 4/0/1,combined,10736094,25085,207
Voting,generated 4/1/1,frozen-default,16260696,42533,237
Voting,generated 4/1/1,result-summaries,15696549,40430,229
Voting,generated 4/1/1,combined,15072549,36530,207
Voting,generated 4/2/1,frozen-default,21073200,56479,237
Voting,generated 4/2/1,result-summaries,20321004,53675,229
Voting,generated 4/2/1,combined,19409004,47975,207
Voting,generated 4/3/1,frozen-default,25885704,70425,237
Voting,generated 4/3/1,result-summaries,24945459,66920,229
Voting,generated 4/3/1,combined,23745459,59420,207
Voting,generated 5/0/1,frozen-default,11448192,28587,237
Voting,generated 5/0/1,result-summaries,11072094,27185,229
Voting,generated 5/0/1,combined,10736094,25085,207
Voting,generated 5/1/1,frozen-default,16260696,42533,237
Voting,generated 5/1/1,result-summaries,15696549,40430,229
Voting,generated 5/1/1,combined,15072549,36530,207
Voting,generated 5/2/1,frozen-default,21073200,56479,237
Voting,generated 5/2/1,result-summaries,20321004,53675,229
Voting,generated 5/2/1,combined,19409004,47975,207
Voting,generated 5/3/1,frozen-default,25885704,70425,237
Voting,generated 5/3/1,result-summaries,24945459,66920,229
Voting,generated 5/3/1,combined,23745459,59420,207
Voting,generated 5/4/1,frozen-default,30698208,84371,237
Voting,generated 5/4/1,result-summaries,29569914,80165,229
Voting,generated 5/4/1,combined,28081914,70865,207
Voting,generated 6/0/1,frozen-default,11448192,28587,237
Voting,generated 6/0/1,result-summaries,11072094,27185,229
Voting,generated 6/0/1,combined,10736094,25085,207
Voting,generated 6/1/1,frozen-default,16260696,42533,237
Voting,generated 6/1/1,result-summaries,15696549,40430,229
Voting,generated 6/1/1,combined,15072549,36530,207
Voting,generated 6/2/1,frozen-default,21073200,56479,237
Voting,generated 6/2/1,result-summaries,20321004,53675,229
Voting,generated 6/2/1,combined,19409004,47975,207
Voting,generated 6/3/1,frozen-default,25885704,70425,237
Voting,generated 6/3/1,result-summaries,24945459,66920,229
Voting,generated 6/3/1,combined,23745459,59420,207
Voting,generated 6/4/1,frozen-default,30698208,84371,237
Voting,generated 6/4/1,result-summaries,29569914,80165,229
Voting,generated 6/4/1,combined,28081914,70865,207
Voting,generated 6/5/1,frozen-default,35510712,98317,237
Voting,generated 6/5/1,result-summaries,34194369,93410,229
Voting,generated 6/5/1,combined,32418369,82310,207
Voting,generated 7/0/1,frozen-default,11448192,28587,237
Voting,generated 7/0/1,result-summaries,11072094,27185,229
Voting,generated 7/0/1,combined,10736094,25085,207
Voting,generated 7/1/1,frozen-default,16260696,42533,237
Voting,generated 7/1/1,result-summaries,15696549,40430,229
Voting,generated 7/1/1,combined,15072549,36530,207
Voting,generated 7/2/1,frozen-default,21073200,56479,237
Voting,generated 7/2/1,result-summaries,20321004,53675,229
Voting,generated 7/2/1,combined,19409004,47975,207
Voting,generated 7/3/1,frozen-default,25885704,70425,237
Voting,generated 7/3/1,result-summaries,24945459,66920,229
Voting,generated 7/3/1,combined,23745459,59420,207
Voting,generated 7/4/1,frozen-default,30698208,84371,237
Voting,generated 7/4/1,result-summaries,29569914,80165,229
Voting,generated 7/4/1,combined,28081914,70865,207
Voting,generated 7/5/1,frozen-default,35510712,98317,237
Voting,generated 7/5/1,result-summaries,34194369,93410,229
Voting,generated 7/5/1,combined,32418369,82310,207
Voting,generated 7/6/1,frozen-default,40323216,112263,237
Voting,generated 7/6/1,result-summaries,38818824,106655,229
Voting,generated 7/6/1,combined,36754824,93755,207
Voting,generated 8/0/1,frozen-default,11448192,28587,237
Voting,generated 8/0/1,result-summaries,11072094,27185,229
Voting,generated 8/0/1,combined,10736094,25085,207
Voting,generated 8/1/1,frozen-default,16260696,42533,237
Voting,generated 8/1/1,result-summaries,15696549,40430,229
Voting,generated 8/1/1,combined,15072549,36530,207
Voting,generated 8/2/1,frozen-default,21073200,56479,237
Voting,generated 8/2/1,result-summaries,20321004,53675,229
Voting,generated 8/2/1,combined,19409004,47975,207
Voting,generated 8/3/1,frozen-default,25885704,70425,237
Voting,generated 8/3/1,result-summaries,24945459,66920,229
Voting,generated 8/3/1,combined,23745459,59420,207
Voting,generated 8/4/1,frozen-default,30698208,84371,237
Voting,generated 8/4/1,result-summaries,29569914,80165,229
Voting,generated 8/4/1,combined,28081914,70865,207
Voting,generated 8/5/1,frozen-default,35510712,98317,237
Voting,generated 8/5/1,result-summaries,34194369,93410,229
Voting,generated 8/5/1,combined,32418369,82310,207
Voting,generated 8/6/1,frozen-default,40323216,112263,237
Voting,generated 8/6/1,result-summaries,38818824,106655,229
Voting,generated 8/6/1,combined,36754824,93755,207
Voting,generated 8/7/1,frozen-default,45135720,126209,237
Voting,generated 8/7/1,result-summaries,43443279,119900,229
Voting,generated 8/7/1,combined,41091279,105200,207
